<?xml version="1.0" encoding="utf-8"?>
<application xmlns:xsi="http://www.w3.org/2001/XMLSchema-instance" xmlns:xsd="http://www.w3.org/2001/XMLSchema">
  <guid>7AFFDD8B-9025-4509-8FAA-77E7891F429B</guid>
  <name>Command Button Demo</name>
  <version>1.4</version>
  <description>Simple M-Files command button demonstration</description>
  <publisher>M-Files Corporation</publisher>
  <copyright>(c) M-Files Inc 2015</copyright>
  <required-mfiles-version>11.0.4300.0</required-mfiles-version>
  <modules>
    <module environment="shellui">
      <file>main.js</file>
    </module>
  </modules>
</application>