<?xml version="1.0" encoding="utf-8" ?>
<application
type="server-application"
xmlns:xsi="http://www.w3.org/2001/XMLSchema-instance"
xsi:noNamespaceSchemaLocation="http://www.m-files.com/schemas/appdef-server-v1.xsd">
  <guid>a87f0898-f744-4329-a3ee-445969be14e8</guid>
  <name>SanDiegoVAFDemo</name>
  <description>A sample for creating vault applications with VAF for San Diego.</description>
  <publisher></publisher>
  <version>1.0.0.0</version>
  <copyright></copyright>
  <extension-objects>
    <extension-object>
      <name>SanDiegoVAFDemo</name>
      <assembly>SanDiegoVAFDemo.dll</assembly>
      <class>SanDiegoVAFDemo.VaultApplication</class>
      <installation-method>Install</installation-method>
      <uninstallation-method>Uninstall</uninstallation-method>
      <initialization-method>Initialize</initialization-method>
      <uninitialization-method>Uninitialize</uninitialization-method>
      <start-operations-method>StartOperations</start-operations-method>
    </extension-object>
  </extension-objects>
</application>
