<?xml version="1.0" encoding="utf-8"?>
<application xmlns:xsi="http://www.w3.org/2001/XMLSchema-instance" xmlns:xsd="http://www.w3.org/2001/XMLSchema">
  <guid>87029615-F2B4-4A1B-8804-0F60FEE8B8D9</guid>
  <name>San Diego Demonstration</name>
  <version>1.0.4</version>
  <description>M-Files User Extensibility App Demonstration</description>
  <publisher>M-Files Corporation</publisher>
  <copyright>(c) M-Files Corporation 2012</copyright>
  <required-mfiles-version>11.0.4300.0</required-mfiles-version>
  <modules>
    <module environment="shellui">
      <file>util\VaultID.js</file>
      <file>util\proTips.js</file>
      <file>util\ux-util.js</file>
      <file>util\debug_console.js</file>
      <file>mfshell.js</file>
    </module>
  </modules>
  <dashboards>
    <dashboard id="popup_message">
      <content>util\popupmsg.htm</content>
    </dashboard>
    <dashboard id="console">
      <content>util\console.html</content>
    </dashboard>
  </dashboards>
</application>