<?xml version="1.0" encoding="utf-8"?>
<application xmlns:xsi="http://www.w3.org/2001/XMLSchema-instance" xmlns:xsd="http://www.w3.org/2001/XMLSchema">
  <guid>87029615-F2B4-4A1B-8804-0F60FEE8B8D9</guid>
  <name>Right Pane Dashboard Demo</name>
  <version>1.8</version>
  <description>Simple M-Files Right Pane Dashboard Demo</description>
  <publisher>M-Files Corporation</publisher>
  <copyright>(c) M-Files Inc 2015</copyright>
  <required-mfiles-version>11.0.4300.0</required-mfiles-version>
  <modules>
    <module environment="shellui">
      <file>main.js</file>
    </module>
  </modules>
  <dashboards>
    <dashboard id="right_pane">
      <content>right_pane.htm</content>
    </dashboard>
  </dashboards>
</application>