<?xml version="1.0"?>
<application xmlns:xsi="http://www.w3.org/2001/XMLSchema-instance" xsi:noNamespaceSchemaLocation="http://www.m-files.com/schemas/appdef.xsd">
	<guid>87029615-F2B4-4A1B-8804-0F60FEE8B8D9</guid>
	<name>Popup Dashboard Demo</name>
	<version>1.0</version>
	<description>Simple M-Files Popup Dashboard Demo</description>
	<publisher>M-Files Corporation</publisher>
	<copyright>(c) M-Files Inc 2015</copyright>
	<required-mfiles-version>11.0.4300.0</required-mfiles-version>
	<modules>
		<module environment="shellui">
			<file>main.js</file>
		</module>
	</modules>
	<dashboards>
		<dashboard id="popup_message">
			<content>popupmsg.htm</content>
		</dashboard>
	</dashboards>
</application>