<?xml version="1.0" encoding="utf-8" ?>
<application
type="server-application"
xmlns:xsi="http://www.w3.org/2001/XMLSchema-instance"
xsi:noNamespaceSchemaLocation="http://www.m-files.com/schemas/appdef-server-v1.xsd">
  <guid>a87f0898-f744-4329-a3ee-445969be14e8</guid>
  <name>SampleVaultApplication</name>
  <description>A sample for creating vault applications.</description>
  <publisher></publisher>
  <version>1.0.0.0</version>
  <copyright></copyright>
  <extension-objects>
    <extension-object>
      <name>SanDiegoDemo</name>
      <assembly>SanDiegoDemo.dll</assembly>
      <class>SanDiegoDemo.VaultApplication</class>
      <start-operations-method>StartOperations</start-operations-method>
    </extension-object>
  </extension-objects>
</application>
